[
    {
      "id": "1",
      "name": "Plan 1",
      "discountPrice": "149",
      "actualPrice": "749",
      "validity": "84 days",
      "data": "1.5 GB",
      "voice": "Unlimited",
      "sms": "100",
      "img1": "/images/jiotv.svg",
      "img2": "/images/jiocinema.svg",
      "img3": "",
      "img4": "",
      "img5": ""
    },
    {
      "id": "2",
      "name": "Plan 2",
      "discountPrice": "389",
      "actualPrice": "2499",
      "validity": "12 Month",
      "data": "2.0 GB",
      "voice": "Unlimited",
      "sms": "100",
      "img1": "/images/jiotv.svg",
      "img2": "/images/jiocinema.svg",
      "img3": "/images/Jiosavan.svg",
      "img4": "/images/jiocloud.svg",
      "img5": "/images/netflix.svg",
      "img6": "/images/amazonprime.svg"
    },
    {
      "id": "3",
      "name": "Plan 3",
      "discountPrice": "279",
      "actualPrice": "1999",
      "validity": "6 Month",
      "data": "2.0 GB",
      "voice": "Unlimited",
      "sms": "100",
      "img1": "/images/jiotv.svg",
      "img2": "/images/jiocinema.svg",
      "img3": "/images/Jiosavan.svg",
      "img4": "/images/jiocloud.svg",
      "img5": "/images/netflix.svg"
    },
    {
      "id": "4",
      "name": "Plan 4",
      "discountPrice": "249",
      "actualPrice": "1299",
      "validity": "84 days",
      "data": "3.0 GB",
      "voice": "Unlimited",
      "sms": "100",
      "img1": "/images/jiotv.svg",
      "img2": "/images/jiocinema.svg",
      "img3": "/images/Jiosavan.svg",
      "img4": "/images/jiocloud.svg",
      "img5": ""
    },
    {
      "id": "5",
      "name": "Plan 5",
      "discountPrice": "199",
      "actualPrice": "999",
      "validity": "84 Days",
      "data": "2.0 GB",
      "voice": "Unlimited",
      "sms": "100",
      "img1": "/images/jiotv.svg",
      "img2": "/images/jiocinema.svg",
      "img3": "/images/Jiosavan.svg",
      "img4": "",
      "img5": ""
    }
  ]
  